hehe_1,aijai7Quobee
hehe_2,epaTe2Phi5Ua
hehe_3,EeXokei6Sea4
hehe_4,Ec3WohKiev8u
hehe_5,ahjua4eiGiuC
hehe_6,tu2Aeghah4ho
hehe_7,phieH2keibix
hehe_8,weejan1eeGh9
hehe_9,Neel4aingoh2
hehe_10,ioJ2oCeomohL
hehe_11,me7aip0Eiphi
hehe_12,oaheashae0Wo
hehe_13,aRegee5Chu7u
hehe_14,ieTho3aechei
hehe_15,Rah0aigh4Rei
hehe_16,vo5faeSisuha
hehe_17,oetio0Eet2ig
hehe_18,lei8laenee3V
hehe_19,teijoig9ueD5
hehe_20,hae9eeseePhi
hehe_21,Fuix7Liechae
hehe_22,uaho3feiGhoa
hehe_23,niex9Aegae6f
hehe_24,Si0po2aech8v
hehe_25,Oongaiheich4
hehe_26,ohgheeX2ekoh
hehe_27,ieghi2quu8Nu
hehe_28,Eingootoh5iv
hehe_29,xae2eelohFei
hehe_30,iequ5aeGejub
hehe_31,iM1augh3aisu
hehe_32,ais5theit7Qu
hehe_33,iaP3ozeeyudi
hehe_34,Ten5Heighet2
hehe_35,uz5eeJeeya4x
hehe_36,cheivahH9epo
hehe_37,epei4saeN4Ai
hehe_38,oht6Ohxaquoo
hehe_39,efe1ahyang4K
hehe_40,Jahbaej1ohro
hehe_41,xohNiDoo8The
hehe_42,eech2Quief7b
hehe_43,ahdie5Au8ges
hehe_44,Ohj8aishieG4
hehe_45,joh2oaNg3aiG
hehe_46,paen2Ragexoo
hehe_47,ohs8eXaiqu7C
hehe_48,Cooj6deo6rie
hehe_49,odeeg2EHahgh
hehe_50,zoi5ao2Os4ai
hehe_51,thaif3woHaGu
hehe_52,Ciech0ohng4v
hehe_53,OoPah0BuBa3a
hehe_54,JieZoileoFu5
hehe_55,gohToo7vingu
hehe_56,yoatahGh6Ief
hehe_57,uZie4aesie3A
hehe_58,aithoote5eiN
hehe_59,jou7IeFiezee
hehe_60,shaishu6Aafe
hehe_61,Yaing5Quuagh
hehe_62,ooWiemi4te8i
hehe_63,Heesez7teeth
hehe_64,shahsu9aeY7v
hehe_65,Beephiodae4i
hehe_66,abie4oxae3Oo
hehe_67,doa3EeXaiNga
hehe_68,eivahJ1jiCei
hehe_69,PhieThahsh1K
hehe_70,sah1oZiejaS0
hehe_71,aon1Na1doari
hehe_72,ien7eNganee7
hehe_73,poh3uru1kieR
hehe_74,eeLohv6weh7r
hehe_75,mei4Nee6izie
hehe_76,ubieJ2Ienohw
hehe_77,Eaditai8Aez8
hehe_78,piu0Eeyoph0M
hehe_79,nuu4oongeeFu
hehe_80,neenaiJuik8c
hehe_81,jahmoh7Xah5O
hehe_82,ohcoiQu7Boon
hehe_83,shuaG6tiex1e
hehe_84,aeC6Yei6Ei9z
hehe_85,Soo4ii8Keix4
hehe_86,fudiPh6tai3A
hehe_87,Eepha1Uofair
hehe_88,ane3aew1Eegh
hehe_89,ejahJo2airo1
hehe_90,Luexahngoob3
hehe_91,Aifaez3iepho
hehe_92,Eenoongeroo6
hehe_93,ohr8Eishei8d
hehe_94,chaeJo6uawur
hehe_95,eif4Gajaiph9
hehe_96,KodaeS7YohQu
hehe_97,ooteiToo9ene
hehe_98,chiepe1Laeng
hehe_99,fodaeh4Idois
hehe_100,Quahdai7Bo5E
